[
  {"name": "Adrian", "id": 0, "image": "images/heritages/adrian.png", "type": "dad"},
  {"name": "Alex", "id": 1, "image": "images/heritages/alex.png", "type": "dad"},
  {"name": "Andrew", "id": 2, "image": "images/heritages/andrew.png", "type": "dad"},
  {"name": "Angel", "id": 3, "image": "images/heritages/angel.png", "type": "dad"},
  {"name": "Anthony", "id": 4, "image": "images/heritages/anthony.png", "type": "dad"},
  {"name": "Benjamin", "id": 5, "image": "images/heritages/benjamin.png", "type": "dad"},
  {"name": "Claude", "id": 6, "image": "images/heritages/claude.png", "type": "dad"},
  {"name": "Daniel", "id": 7, "image": "images/heritages/daniel.png", "type": "dad"},
  {"name": "Diego", "id": 8, "image": "images/heritages/diego.png", "type": "dad"},
  {"name": "Ethan", "id": 9, "image": "images/heritages/ethan.png", "type": "dad"},
  {"name": "Evan", "id": 10, "image": "images/heritages/evan.png", "type": "dad"},
  {"name": "Gabriel", "id": 11, "image": "images/heritages/gabriel.png", "type": "dad"},
  {"name": "Isaac", "id": 12, "image": "images/heritages/isaac.png", "type": "dad"},
  {"name": "John", "id": 13, "image": "images/heritages/john.png", "type": "dad"},
  {"name": "Joshua", "id": 14, "image": "images/heritages/joshua.png", "type": "dad"},
  {"name": "Juan", "id": 15, "image": "images/heritages/juan.png", "type": "dad"},
  {"name": "Kevin", "id": 16, "image": "images/heritages/kevin.png", "type": "dad"},
  {"name": "Louis", "id": 17, "image": "images/heritages/louis.png", "type": "dad"},
  {"name": "Michael", "id": 18, "image": "images/heritages/michael.png", "type": "dad"},
  {"name": "Niko", "id": 19, "image": "images/heritages/niko.png", "type": "dad"},
  {"name": "Noah", "id": 20, "image": "images/heritages/noah.png", "type": "dad"},
  {"name": "Samuel", "id": 42, "image": "images/heritages/samuel.png", "type": "dad"},
  {"name": "Santiago", "id": 43, "image": "images/heritages/santiago.png", "type": "dad"},
  {"name": "Vincent", "id": 44, "image": "images/heritages/vincent.png", "type": "dad"},

  {"name": "Amelia", "id": 21, "image": "images/heritages/Amelia.png", "type": "mom"},
  {"name": "Ashley", "id": 22, "image": "images/heritages/Ashley.png", "type": "mom"},
  {"name": "Audrey", "id": 23, "image": "images/heritages/Audrey.png", "type": "mom"},
  {"name": "Ava", "id": 24, "image": "images/heritages/Ava.png", "type": "mom"},
  {"name": "Brianna", "id": 25, "image": "images/heritages/Brianna.png", "type": "mom"},
  {"name": "Camila", "id": 26, "image": "images/heritages/Camila.png", "type": "mom"},
  {"name": "Charlotte", "id": 27, "image": "images/heritages/Charlotte.png", "type": "mom"},
  {"name": "Elizabeth", "id": 28, "image": "images/heritages/Elizabeth.png", "type": "mom"},
  {"name": "Emma", "id": 29, "image": "images/heritages/Emma.png", "type": "mom"},
  {"name": "Evelyn", "id": 30, "image": "images/heritages/Evelyn.png", "type": "mom"},
  {"name": "Giselle", "id": 31, "image": "images/heritages/Giselle.png", "type": "mom"},
  {"name": "Grace", "id": 32, "image": "images/heritages/Grace.png", "type": "mom"},
  {"name": "Hannah", "id": 33, "image": "images/heritages/Hannah.png", "type": "mom"},
  {"name": "Isabella", "id": 34, "image": "images/heritages/Isabella.png", "type": "mom"},
  {"name": "Jasmine", "id": 35, "image": "images/heritages/Jasmine.png", "type": "mom"},
  {"name": "Misty", "id": 36, "image": "images/heritages/Misty.png", "type": "mom"},
  {"name": "Natalie", "id": 37, "image": "images/heritages/Natalie.png", "type": "mom"},
  {"name": "Nicole", "id": 38, "image": "images/heritages/Nicole.png", "type": "mom"},
  {"name": "Olivia", "id": 39, "image": "images/heritages/Olivia.png", "type": "mom"},
  {"name": "Sophia", "id": 40, "image": "images/heritages/Sophia.png", "type": "mom"},
  {"name": "Violet", "id": 41, "image": "images/heritages/Violet.png", "type": "mom"},
  {"name": "Zoe", "id": 45, "image": "images/heritages/Zoe.png", "type": "mom"}
]
